mutant,is_wt,-EC50,wt_pdb,mt_pdb,mutant_chain
G376A,False,0.4818007147649488,TCR7_T00000_B2705_GRLKALCQR_0_model_1_model_2_ptm_ft4,,A
G376C,False,-2.0580341420742325,TCR7_T00000_B2705_GRLKALCQR_0_model_1_model_2_ptm_ft4,,A
G376D,False,-7.500709823547176,TCR7_T00000_B2705_GRLKALCQR_0_model_1_model_2_ptm_ft4,,A
G376E,False,-0.15293392621686722,TCR7_T00000_B2705_GRLKALCQR_0_model_1_model_2_ptm_ft4,,A
G376F,False,1.184371612946268,TCR7_T00000_B2705_GRLKALCQR_0_model_1_model_2_ptm_ft4,,A
G376G,True,-0.0,TCR7_T00000_B2705_GRLKALCQR_0_model_1_model_2_ptm_ft4,,A
G376H,False,0.6097560800056361,TCR7_T00000_B2705_GRLKALCQR_0_model_1_model_2_ptm_ft4,,A
G376I,False,1.8024511538797405,TCR7_T00000_B2705_GRLKALCQR_0_model_1_model_2_ptm_ft4,,A
G376K,False,0.1539481435641774,TCR7_T00000_B2705_GRLKALCQR_0_model_1_model_2_ptm_ft4,,A
G376L,False,2.167201276278314,TCR7_T00000_B2705_GRLKALCQR_0_model_1_model_2_ptm_ft4,,A
G376M,False,1.6011614862369141,TCR7_T00000_B2705_GRLKALCQR_0_model_1_model_2_ptm_ft4,,A
G376N,False,-0.5979503834714623,TCR7_T00000_B2705_GRLKALCQR_0_model_1_model_2_ptm_ft4,,A
G376P,False,-6.9765411286915615,TCR7_T00000_B2705_GRLKALCQR_0_model_1_model_2_ptm_ft4,,A
G376Q,False,2.154613190072359,TCR7_T00000_B2705_GRLKALCQR_0_model_1_model_2_ptm_ft4,,A
G376R,False,2.3373907079823364,TCR7_T00000_B2705_GRLKALCQR_0_model_1_model_2_ptm_ft4,,A
G376S,False,0.5255005085996534,TCR7_T00000_B2705_GRLKALCQR_0_model_1_model_2_ptm_ft4,,A
G376T,False,-0.5450516661911701,TCR7_T00000_B2705_GRLKALCQR_0_model_1_model_2_ptm_ft4,,A
G376V,False,1.1518194905437757,TCR7_T00000_B2705_GRLKALCQR_0_model_1_model_2_ptm_ft4,,A
G376W,False,2.216038349000447,TCR7_T00000_B2705_GRLKALCQR_0_model_1_model_2_ptm_ft4,,A
G376Y,False,0.8373324690174818,TCR7_T00000_B2705_GRLKALCQR_0_model_1_model_2_ptm_ft4,,A
R377A,False,-11.797580860422437,TCR7_T00000_B2705_GRLKALCQR_0_model_1_model_2_ptm_ft4,,A
R377C,False,-4.3010022305507665,TCR7_T00000_B2705_GRLKALCQR_0_model_1_model_2_ptm_ft4,,A
R377D,False,-11.797580860422437,TCR7_T00000_B2705_GRLKALCQR_0_model_1_model_2_ptm_ft4,,A
R377E,False,-11.797580860422437,TCR7_T00000_B2705_GRLKALCQR_0_model_1_model_2_ptm_ft4,,A
R377F,False,-11.797580860422437,TCR7_T00000_B2705_GRLKALCQR_0_model_1_model_2_ptm_ft4,,A
R377G,False,-11.797580860422437,TCR7_T00000_B2705_GRLKALCQR_0_model_1_model_2_ptm_ft4,,A
R377H,False,-1.9685039611827913,TCR7_T00000_B2705_GRLKALCQR_0_model_1_model_2_ptm_ft4,,A
R377I,False,-0.0778547533955034,TCR7_T00000_B2705_GRLKALCQR_0_model_1_model_2_ptm_ft4,,A
R377K,False,-11.797580860422437,TCR7_T00000_B2705_GRLKALCQR_0_model_1_model_2_ptm_ft4,,A
R377L,False,-11.797580860422437,TCR7_T00000_B2705_GRLKALCQR_0_model_1_model_2_ptm_ft4,,A
R377M,False,-4.336246908737489,TCR7_T00000_B2705_GRLKALCQR_0_model_1_model_2_ptm_ft4,,A
R377N,False,-8.272194795042736,TCR7_T00000_B2705_GRLKALCQR_0_model_1_model_2_ptm_ft4,,A
R377P,False,-8.692658894737786,TCR7_T00000_B2705_GRLKALCQR_0_model_1_model_2_ptm_ft4,,A
R377Q,False,-3.341514491640132,TCR7_T00000_B2705_GRLKALCQR_0_model_1_model_2_ptm_ft4,,A
R377R,True,-0.0,TCR7_T00000_B2705_GRLKALCQR_0_model_1_model_2_ptm_ft4,,A
R377S,False,-11.730165259739758,TCR7_T00000_B2705_GRLKALCQR_0_model_1_model_2_ptm_ft4,,A
R377T,False,-11.797580860422437,TCR7_T00000_B2705_GRLKALCQR_0_model_1_model_2_ptm_ft4,,A
R377V,False,-11.797580860422437,TCR7_T00000_B2705_GRLKALCQR_0_model_1_model_2_ptm_ft4,,A
R377W,False,-11.797580860422437,TCR7_T00000_B2705_GRLKALCQR_0_model_1_model_2_ptm_ft4,,A
R377Y,False,-11.797580860422437,TCR7_T00000_B2705_GRLKALCQR_0_model_1_model_2_ptm_ft4,,A
L378A,False,-3.8034806836700707,TCR7_T00000_B2705_GRLKALCQR_0_model_1_model_2_ptm_ft4,,A
L378C,False,-2.173837955668579,TCR7_T00000_B2705_GRLKALCQR_0_model_1_model_2_ptm_ft4,,A
L378D,False,-0.8161211611614504,TCR7_T00000_B2705_GRLKALCQR_0_model_1_model_2_ptm_ft4,,A
L378E,False,-3.8081301556070466,TCR7_T00000_B2705_GRLKALCQR_0_model_1_model_2_ptm_ft4,,A
L378F,False,-11.797580860422437,TCR7_T00000_B2705_GRLKALCQR_0_model_1_model_2_ptm_ft4,,A
L378G,False,-3.985629983983923,TCR7_T00000_B2705_GRLKALCQR_0_model_1_model_2_ptm_ft4,,A
L378H,False,-6.035214227081336,TCR7_T00000_B2705_GRLKALCQR_0_model_1_model_2_ptm_ft4,,A
L378I,False,-11.797580860422437,TCR7_T00000_B2705_GRLKALCQR_0_model_1_model_2_ptm_ft4,,A
L378K,False,-6.729927182831996,TCR7_T00000_B2705_GRLKALCQR_0_model_1_model_2_ptm_ft4,,A
L378L,True,-0.0,TCR7_T00000_B2705_GRLKALCQR_0_model_1_model_2_ptm_ft4,,A
L378M,False,-0.3225628852245851,TCR7_T00000_B2705_GRLKALCQR_0_model_1_model_2_ptm_ft4,,A
L378N,False,-5.961444543137908,TCR7_T00000_B2705_GRLKALCQR_0_model_1_model_2_ptm_ft4,,A
L378P,False,-11.797580860422437,TCR7_T00000_B2705_GRLKALCQR_0_model_1_model_2_ptm_ft4,,A
L378Q,False,-4.504979322655301,TCR7_T00000_B2705_GRLKALCQR_0_model_1_model_2_ptm_ft4,,A
L378R,False,-11.797580860422437,TCR7_T00000_B2705_GRLKALCQR_0_model_1_model_2_ptm_ft4,,A
L378S,False,-6.498894581649254,TCR7_T00000_B2705_GRLKALCQR_0_model_1_model_2_ptm_ft4,,A
L378T,False,-11.797580860422437,TCR7_T00000_B2705_GRLKALCQR_0_model_1_model_2_ptm_ft4,,A
L378V,False,-11.797580860422437,TCR7_T00000_B2705_GRLKALCQR_0_model_1_model_2_ptm_ft4,,A
L378W,False,-11.797580860422437,TCR7_T00000_B2705_GRLKALCQR_0_model_1_model_2_ptm_ft4,,A
L378Y,False,-11.797580860422437,TCR7_T00000_B2705_GRLKALCQR_0_model_1_model_2_ptm_ft4,,A
K379A,False,-11.797580860422437,TCR7_T00000_B2705_GRLKALCQR_0_model_1_model_2_ptm_ft4,,A
K379C,False,-11.797580860422437,TCR7_T00000_B2705_GRLKALCQR_0_model_1_model_2_ptm_ft4,,A
K379D,False,-7.987027241660553,TCR7_T00000_B2705_GRLKALCQR_0_model_1_model_2_ptm_ft4,,A
K379E,False,-11.797580860422437,TCR7_T00000_B2705_GRLKALCQR_0_model_1_model_2_ptm_ft4,,A
K379F,False,-11.797580860422437,TCR7_T00000_B2705_GRLKALCQR_0_model_1_model_2_ptm_ft4,,A
K379G,False,-11.797580860422437,TCR7_T00000_B2705_GRLKALCQR_0_model_1_model_2_ptm_ft4,,A
K379H,False,-11.797580860422437,TCR7_T00000_B2705_GRLKALCQR_0_model_1_model_2_ptm_ft4,,A
K379I,False,-11.797580860422437,TCR7_T00000_B2705_GRLKALCQR_0_model_1_model_2_ptm_ft4,,A
K379K,True,-0.0,TCR7_T00000_B2705_GRLKALCQR_0_model_1_model_2_ptm_ft4,,A
K379L,False,-11.797580860422437,TCR7_T00000_B2705_GRLKALCQR_0_model_1_model_2_ptm_ft4,,A
K379M,False,-11.797580860422437,TCR7_T00000_B2705_GRLKALCQR_0_model_1_model_2_ptm_ft4,,A
K379N,False,-11.797580860422437,TCR7_T00000_B2705_GRLKALCQR_0_model_1_model_2_ptm_ft4,,A
K379P,False,-11.797580860422437,TCR7_T00000_B2705_GRLKALCQR_0_model_1_model_2_ptm_ft4,,A
K379Q,False,-11.797580860422437,TCR7_T00000_B2705_GRLKALCQR_0_model_1_model_2_ptm_ft4,,A
K379R,False,-8.361960449321229,TCR7_T00000_B2705_GRLKALCQR_0_model_1_model_2_ptm_ft4,,A
K379S,False,-11.797580860422437,TCR7_T00000_B2705_GRLKALCQR_0_model_1_model_2_ptm_ft4,,A
K379T,False,-11.797580860422437,TCR7_T00000_B2705_GRLKALCQR_0_model_1_model_2_ptm_ft4,,A
K379V,False,-11.797580860422437,TCR7_T00000_B2705_GRLKALCQR_0_model_1_model_2_ptm_ft4,,A
K379W,False,-11.797580860422437,TCR7_T00000_B2705_GRLKALCQR_0_model_1_model_2_ptm_ft4,,A
K379Y,False,-11.797580860422437,TCR7_T00000_B2705_GRLKALCQR_0_model_1_model_2_ptm_ft4,,A
A380A,True,-0.0,TCR7_T00000_B2705_GRLKALCQR_0_model_1_model_2_ptm_ft4,,A
A380C,False,-11.797580860422437,TCR7_T00000_B2705_GRLKALCQR_0_model_1_model_2_ptm_ft4,,A
A380D,False,-11.797580860422437,TCR7_T00000_B2705_GRLKALCQR_0_model_1_model_2_ptm_ft4,,A
A380E,False,-8.394209116876084,TCR7_T00000_B2705_GRLKALCQR_0_model_1_model_2_ptm_ft4,,A
A380F,False,-11.797580860422437,TCR7_T00000_B2705_GRLKALCQR_0_model_1_model_2_ptm_ft4,,A
A380G,False,-6.5136060569537095,TCR7_T00000_B2705_GRLKALCQR_0_model_1_model_2_ptm_ft4,,A
A380H,False,-11.797580860422437,TCR7_T00000_B2705_GRLKALCQR_0_model_1_model_2_ptm_ft4,,A
A380I,False,-11.797580860422437,TCR7_T00000_B2705_GRLKALCQR_0_model_1_model_2_ptm_ft4,,A
A380K,False,-11.797580860422437,TCR7_T00000_B2705_GRLKALCQR_0_model_1_model_2_ptm_ft4,,A
A380L,False,-11.797580860422437,TCR7_T00000_B2705_GRLKALCQR_0_model_1_model_2_ptm_ft4,,A
A380M,False,-11.797580860422437,TCR7_T00000_B2705_GRLKALCQR_0_model_1_model_2_ptm_ft4,,A
A380N,False,-11.797580860422437,TCR7_T00000_B2705_GRLKALCQR_0_model_1_model_2_ptm_ft4,,A
A380P,False,0.43714619911513236,TCR7_T00000_B2705_GRLKALCQR_0_model_1_model_2_ptm_ft4,,A
A380Q,False,-11.797580860422437,TCR7_T00000_B2705_GRLKALCQR_0_model_1_model_2_ptm_ft4,,A
A380R,False,-11.797580860422437,TCR7_T00000_B2705_GRLKALCQR_0_model_1_model_2_ptm_ft4,,A
A380S,False,-11.797580860422437,TCR7_T00000_B2705_GRLKALCQR_0_model_1_model_2_ptm_ft4,,A
A380T,False,-11.797580860422437,TCR7_T00000_B2705_GRLKALCQR_0_model_1_model_2_ptm_ft4,,A
A380V,False,-11.797580860422437,TCR7_T00000_B2705_GRLKALCQR_0_model_1_model_2_ptm_ft4,,A
A380W,False,-11.797580860422437,TCR7_T00000_B2705_GRLKALCQR_0_model_1_model_2_ptm_ft4,,A
A380Y,False,-11.797580860422437,TCR7_T00000_B2705_GRLKALCQR_0_model_1_model_2_ptm_ft4,,A
L381A,False,-11.797580860422437,TCR7_T00000_B2705_GRLKALCQR_0_model_1_model_2_ptm_ft4,,A
L381C,False,-11.797580860422437,TCR7_T00000_B2705_GRLKALCQR_0_model_1_model_2_ptm_ft4,,A
L381D,False,-11.797580860422437,TCR7_T00000_B2705_GRLKALCQR_0_model_1_model_2_ptm_ft4,,A
L381E,False,-11.797580860422437,TCR7_T00000_B2705_GRLKALCQR_0_model_1_model_2_ptm_ft4,,A
L381F,False,-11.797580860422437,TCR7_T00000_B2705_GRLKALCQR_0_model_1_model_2_ptm_ft4,,A
L381G,False,-11.797580860422437,TCR7_T00000_B2705_GRLKALCQR_0_model_1_model_2_ptm_ft4,,A
L381H,False,-11.797580860422437,TCR7_T00000_B2705_GRLKALCQR_0_model_1_model_2_ptm_ft4,,A
L381I,False,0.8940964933486738,TCR7_T00000_B2705_GRLKALCQR_0_model_1_model_2_ptm_ft4,,A
L381K,False,-11.797580860422437,TCR7_T00000_B2705_GRLKALCQR_0_model_1_model_2_ptm_ft4,,A
L381L,True,-0.0,TCR7_T00000_B2705_GRLKALCQR_0_model_1_model_2_ptm_ft4,,A
L381M,False,-2.4644542173687434,TCR7_T00000_B2705_GRLKALCQR_0_model_1_model_2_ptm_ft4,,A
L381N,False,-11.797580860422437,TCR7_T00000_B2705_GRLKALCQR_0_model_1_model_2_ptm_ft4,,A
L381P,False,-11.797580860422437,TCR7_T00000_B2705_GRLKALCQR_0_model_1_model_2_ptm_ft4,,A
L381Q,False,0.6495468656230359,TCR7_T00000_B2705_GRLKALCQR_0_model_1_model_2_ptm_ft4,,A
L381R,False,-6.2050205943929075,TCR7_T00000_B2705_GRLKALCQR_0_model_1_model_2_ptm_ft4,,A
L381S,False,-11.797580860422437,TCR7_T00000_B2705_GRLKALCQR_0_model_1_model_2_ptm_ft4,,A
L381T,False,-0.15800130644982358,TCR7_T00000_B2705_GRLKALCQR_0_model_1_model_2_ptm_ft4,,A
L381V,False,3.0610665441399454,TCR7_T00000_B2705_GRLKALCQR_0_model_1_model_2_ptm_ft4,,A
L381W,False,-9.374747743096645,TCR7_T00000_B2705_GRLKALCQR_0_model_1_model_2_ptm_ft4,,A
L381Y,False,-11.797580860422437,TCR7_T00000_B2705_GRLKALCQR_0_model_1_model_2_ptm_ft4,,A
C382A,False,-11.797580860422437,TCR7_T00000_B2705_GRLKALCQR_0_model_1_model_2_ptm_ft4,,A
C382C,True,-0.0,TCR7_T00000_B2705_GRLKALCQR_0_model_1_model_2_ptm_ft4,,A
C382D,False,-11.797580860422437,TCR7_T00000_B2705_GRLKALCQR_0_model_1_model_2_ptm_ft4,,A
C382E,False,-11.797580860422437,TCR7_T00000_B2705_GRLKALCQR_0_model_1_model_2_ptm_ft4,,A
C382F,False,-11.797580860422437,TCR7_T00000_B2705_GRLKALCQR_0_model_1_model_2_ptm_ft4,,A
C382G,False,-9.824407486428363,TCR7_T00000_B2705_GRLKALCQR_0_model_1_model_2_ptm_ft4,,A
C382H,False,-11.797580860422437,TCR7_T00000_B2705_GRLKALCQR_0_model_1_model_2_ptm_ft4,,A
C382I,False,-11.797580860422437,TCR7_T00000_B2705_GRLKALCQR_0_model_1_model_2_ptm_ft4,,A
C382K,False,-11.797580860422437,TCR7_T00000_B2705_GRLKALCQR_0_model_1_model_2_ptm_ft4,,A
C382L,False,-11.797580860422437,TCR7_T00000_B2705_GRLKALCQR_0_model_1_model_2_ptm_ft4,,A
C382M,False,-11.797580860422437,TCR7_T00000_B2705_GRLKALCQR_0_model_1_model_2_ptm_ft4,,A
C382N,False,-11.797580860422437,TCR7_T00000_B2705_GRLKALCQR_0_model_1_model_2_ptm_ft4,,A
C382P,False,-11.797580860422437,TCR7_T00000_B2705_GRLKALCQR_0_model_1_model_2_ptm_ft4,,A
C382Q,False,-11.797580860422437,TCR7_T00000_B2705_GRLKALCQR_0_model_1_model_2_ptm_ft4,,A
C382R,False,-11.797580860422437,TCR7_T00000_B2705_GRLKALCQR_0_model_1_model_2_ptm_ft4,,A
C382S,False,-11.797580860422437,TCR7_T00000_B2705_GRLKALCQR_0_model_1_model_2_ptm_ft4,,A
C382T,False,-11.797580860422437,TCR7_T00000_B2705_GRLKALCQR_0_model_1_model_2_ptm_ft4,,A
C382V,False,-11.797580860422437,TCR7_T00000_B2705_GRLKALCQR_0_model_1_model_2_ptm_ft4,,A
C382W,False,-11.797580860422437,TCR7_T00000_B2705_GRLKALCQR_0_model_1_model_2_ptm_ft4,,A
C382Y,False,-5.626782333652166,TCR7_T00000_B2705_GRLKALCQR_0_model_1_model_2_ptm_ft4,,A
Q383A,False,-0.6856425170275791,TCR7_T00000_B2705_GRLKALCQR_0_model_1_model_2_ptm_ft4,,A
Q383C,False,-5.5308927879868035,TCR7_T00000_B2705_GRLKALCQR_0_model_1_model_2_ptm_ft4,,A
Q383D,False,-7.907663524297363,TCR7_T00000_B2705_GRLKALCQR_0_model_1_model_2_ptm_ft4,,A
Q383E,False,-11.797580860422437,TCR7_T00000_B2705_GRLKALCQR_0_model_1_model_2_ptm_ft4,,A
Q383F,False,-5.532299263663309,TCR7_T00000_B2705_GRLKALCQR_0_model_1_model_2_ptm_ft4,,A
Q383G,False,-6.290888670070501,TCR7_T00000_B2705_GRLKALCQR_0_model_1_model_2_ptm_ft4,,A
Q383H,False,1.3480853149852268,TCR7_T00000_B2705_GRLKALCQR_0_model_1_model_2_ptm_ft4,,A
Q383I,False,-0.8178515488024505,TCR7_T00000_B2705_GRLKALCQR_0_model_1_model_2_ptm_ft4,,A
Q383K,False,2.0583852342952675,TCR7_T00000_B2705_GRLKALCQR_0_model_1_model_2_ptm_ft4,,A
Q383L,False,0.11216100087730148,TCR7_T00000_B2705_GRLKALCQR_0_model_1_model_2_ptm_ft4,,A
Q383M,False,1.3615503421156663,TCR7_T00000_B2705_GRLKALCQR_0_model_1_model_2_ptm_ft4,,A
Q383N,False,-0.3034226228882345,TCR7_T00000_B2705_GRLKALCQR_0_model_1_model_2_ptm_ft4,,A
Q383P,False,-4.239226933733407,TCR7_T00000_B2705_GRLKALCQR_0_model_1_model_2_ptm_ft4,,A
Q383Q,True,-0.0,TCR7_T00000_B2705_GRLKALCQR_0_model_1_model_2_ptm_ft4,,A
Q383R,False,1.9342802984603282,TCR7_T00000_B2705_GRLKALCQR_0_model_1_model_2_ptm_ft4,,A
Q383S,False,-1.0289677474842038,TCR7_T00000_B2705_GRLKALCQR_0_model_1_model_2_ptm_ft4,,A
Q383T,False,-3.3503902915595654,TCR7_T00000_B2705_GRLKALCQR_0_model_1_model_2_ptm_ft4,,A
Q383V,False,0.19879874202262404,TCR7_T00000_B2705_GRLKALCQR_0_model_1_model_2_ptm_ft4,,A
Q383W,False,1.5860581949986943,TCR7_T00000_B2705_GRLKALCQR_0_model_1_model_2_ptm_ft4,,A
Q383Y,False,-3.3109258337016514,TCR7_T00000_B2705_GRLKALCQR_0_model_1_model_2_ptm_ft4,,A
R384A,False,0.8538635373065807,TCR7_T00000_B2705_GRLKALCQR_0_model_1_model_2_ptm_ft4,,A
R384C,False,-2.0397481050876767,TCR7_T00000_B2705_GRLKALCQR_0_model_1_model_2_ptm_ft4,,A
R384D,False,-3.9543186097297136,TCR7_T00000_B2705_GRLKALCQR_0_model_1_model_2_ptm_ft4,,A
R384E,False,-5.604424112070724,TCR7_T00000_B2705_GRLKALCQR_0_model_1_model_2_ptm_ft4,,A
R384F,False,3.5980832152716387,TCR7_T00000_B2705_GRLKALCQR_0_model_1_model_2_ptm_ft4,,A
R384G,False,-1.2218405270315225,TCR7_T00000_B2705_GRLKALCQR_0_model_1_model_2_ptm_ft4,,A
R384H,False,3.329938803736429,TCR7_T00000_B2705_GRLKALCQR_0_model_1_model_2_ptm_ft4,,A
R384I,False,3.0944618622336955,TCR7_T00000_B2705_GRLKALCQR_0_model_1_model_2_ptm_ft4,,A
R384K,False,2.9022250448024765,TCR7_T00000_B2705_GRLKALCQR_0_model_1_model_2_ptm_ft4,,A
R384L,False,0.9617333281027922,TCR7_T00000_B2705_GRLKALCQR_0_model_1_model_2_ptm_ft4,,A
R384M,False,3.7598220196177294,TCR7_T00000_B2705_GRLKALCQR_0_model_1_model_2_ptm_ft4,,A
R384N,False,-1.8475794230725895,TCR7_T00000_B2705_GRLKALCQR_0_model_1_model_2_ptm_ft4,,A
R384P,False,-10.95914943354581,TCR7_T00000_B2705_GRLKALCQR_0_model_1_model_2_ptm_ft4,,A
R384Q,False,-1.7811351220390073,TCR7_T00000_B2705_GRLKALCQR_0_model_1_model_2_ptm_ft4,,A
R384R,True,-0.0,TCR7_T00000_B2705_GRLKALCQR_0_model_1_model_2_ptm_ft4,,A
R384S,False,-2.488018394571994,TCR7_T00000_B2705_GRLKALCQR_0_model_1_model_2_ptm_ft4,,A
R384T,False,-0.679511869952524,TCR7_T00000_B2705_GRLKALCQR_0_model_1_model_2_ptm_ft4,,A
R384V,False,3.6124709600181824,TCR7_T00000_B2705_GRLKALCQR_0_model_1_model_2_ptm_ft4,,A
R384W,False,-0.9069395397955547,TCR7_T00000_B2705_GRLKALCQR_0_model_1_model_2_ptm_ft4,,A
R384Y,False,3.569213342068742,TCR7_T00000_B2705_GRLKALCQR_0_model_1_model_2_ptm_ft4,,A
