mutant,is_wt,IFN_gamma (pg/ml),wt_pdb,mt_pdb,mutant_chain,MFI
H1A,False,11274.8,6w51-filtered,,F,1862387.0
H1I,False,10353.6,6w51-filtered,,F,1646427.0
H1L,False,10299.4,6w51-filtered,,F,1618123.0
H1M,False,10435.3,6w51-filtered,,F,1761837.0
H1F,False,9548.1,6w51-filtered,,F,1773662.0
H1V,False,9997.38,6w51-filtered,,F,1749600.5
H1P,False,2983.2,6w51-filtered,,F,1433965.5
H1G,False,9091.2,6w51-filtered,,F,1521694.0
H1W,False,9632.4,6w51-filtered,,F,1684389.5
H1R,False,10046.4,6w51-filtered,,F,1695378.5
H1H,True,10596.0,6w51-filtered,,F,1666759.0
H1K,False,9520.1,6w51-filtered,,F,1480225.0
H1D,False,2701.4,6w51-filtered,,F,1331117.5
H1E,False,3769.8,6w51-filtered,,F,1544031.0
H1N,False,8951.1,6w51-filtered,,F,1665008.0
H1Q,False,10106.1,6w51-filtered,,F,1683252.5
H1S,False,9967.6,6w51-filtered,,F,1681587.5
H1T,False,9586.7,6w51-filtered,,F,1676779.5
H1Y,False,10566.02,6w51-filtered,,F,1710437.5
H1C,False,10677.0,6w51-filtered,,F,1486729.5
M2A,False,2096.5,6w51-filtered,,F,1304208.0
M2I,False,4220.0,6w51-filtered,,F,1628329.0
M2L,False,9686.2,6w51-filtered,,F,1658871.0
M2M,True,10596.0,6w51-filtered,,F,1666759.0
M2F,False,1345.7,6w51-filtered,,F,1253565.5
M2V,False,2628.38,6w51-filtered,,F,1452494.0
M2P,False,1053.0,6w51-filtered,,F,1241385.0
M2G,False,858.0,6w51-filtered,,F,1264208.0
M2W,False,651.9,6w51-filtered,,F,1241080.0
M2R,False,1667.5,6w51-filtered,,F,1292675.0
M2H,False,1574.7,6w51-filtered,,F,1269042.5
M2K,False,1667.9,6w51-filtered,,F,1363973.0
M2D,False,1225.1,6w51-filtered,,F,1198899.0
M2E,False,1106.0,6w51-filtered,,F,1281076.0
M2N,False,3540.4,6w51-filtered,,F,1313672.0
M2Q,False,4106.9,6w51-filtered,,F,1588820.0
M2S,False,1757.2,6w51-filtered,,F,1281944.5
M2T,False,2821.7,6w51-filtered,,F,1357793.0
M2Y,False,582.25,6w51-filtered,,F,1296382.5
M2C,False,3007.4,6w51-filtered,,F,1271300.0
T3A,False,1409.5,6w51-filtered,,F,1685454.0
T3I,False,570.6,6w51-filtered,,F,1666560.0
T3L,False,427.8,6w51-filtered,,F,1727415.0
T3M,False,370.2,6w51-filtered,,F,1713323.0
T3F,False,374.6,6w51-filtered,,F,1660320.5
T3V,False,375.66,6w51-filtered,,F,1615177.5
T3P,False,366.7,6w51-filtered,,F,1701859.0
T3G,False,568.1,6w51-filtered,,F,1481326.0
T3W,False,491.3,6w51-filtered,,F,1777244.0
T3R,False,539.3,6w51-filtered,,F,1357700.5
T3H,False,473.1,6w51-filtered,,F,1620130.0
T3K,False,422.6,6w51-filtered,,F,1394598.0
T3D,False,509.4,6w51-filtered,,F,1712872.0
T3E,False,1139.2,6w51-filtered,,F,1472196.5
T3N,False,507.6,6w51-filtered,,F,1614245.5
T3Q,False,484.0,6w51-filtered,,F,1546613.5
T3S,False,4968.1,6w51-filtered,,F,1573999.0
T3T,True,10596.0,6w51-filtered,,F,1666759.0
T3Y,False,395.12,6w51-filtered,,F,1658684.0
T3C,False,668.5,6w51-filtered,,F,1534112.0
E4A,False,477.7,6w51-filtered,,F,1504253.0
E4I,False,415.7,6w51-filtered,,F,1195168.5
E4L,False,370.2,6w51-filtered,,F,1446267.5
E4M,False,360.9,6w51-filtered,,F,1747993.0
E4F,False,399.8,6w51-filtered,,F,1528211.5
E4V,False,608.05,6w51-filtered,,F,1217223.0
E4P,False,485.4,6w51-filtered,,F,1648325.0
E4G,False,343.8,6w51-filtered,,F,1609909.0
E4W,False,650.6,6w51-filtered,,F,1425690.0
E4R,False,493.9,6w51-filtered,,F,1417701.0
E4H,False,2030.0,6w51-filtered,,F,1585814.0
E4K,False,403.7,6w51-filtered,,F,1599106.5
E4D,False,7516.6,6w51-filtered,,F,1727293.0
E4E,True,10596.0,6w51-filtered,,F,1666759.0
E4N,False,2022.9,6w51-filtered,,F,1692206.0
E4Q,False,1476.6,6w51-filtered,,F,1560456.5
E4S,False,1024.2,6w51-filtered,,F,1571501.0
E4T,False,504.4,6w51-filtered,,F,1635437.0
E4Y,False,642.25,6w51-filtered,,F,1697586.0
E4C,False,668.6,6w51-filtered,,F,1422964.0
V5A,False,638.4,6w51-filtered,,F,1626734.5
V5I,False,2694.3,6w51-filtered,,F,1709340.0
V5L,False,647.4,6w51-filtered,,F,1636075.5
V5M,False,1003.4,6w51-filtered,,F,1642482.0
V5F,False,433.6,6w51-filtered,,F,1708353.0
V5V,True,10596.0,6w51-filtered,,F,1666759.0
V5P,False,452.9,6w51-filtered,,F,1532089.0
V5G,False,292.6,6w51-filtered,,F,1599600.0
V5W,False,463.5,6w51-filtered,,F,1794920.0
V5R,False,432.5,6w51-filtered,,F,1594146.5
V5H,False,469.3,6w51-filtered,,F,1623795.5
V5K,False,471.2,6w51-filtered,,F,1562037.0
V5D,False,737.2,6w51-filtered,,F,1607780.0
V5E,False,497.4,6w51-filtered,,F,1525211.5
V5N,False,410.3,6w51-filtered,,F,1499470.0
V5Q,False,659.6,6w51-filtered,,F,1628092.5
V5S,False,440.0,6w51-filtered,,F,1621251.0
V5T,False,678.3,6w51-filtered,,F,1580901.0
V5Y,False,514.23,6w51-filtered,,F,1520581.0
V5C,False,1194.3,6w51-filtered,,F,1411811.0
V6A,False,1945.1,6w51-filtered,,F,1424002.0
V6I,False,7721.5,6w51-filtered,,F,1650566.0
V6L,False,1749.5,6w51-filtered,,F,1676915.0
V6M,False,2419.8,6w51-filtered,,F,1693337.5
V6F,False,2082.2,6w51-filtered,,F,1682795.0
V6V,True,10596.0,6w51-filtered,,F,1666759.0
V6P,False,503.0,6w51-filtered,,F,1419056.0
V6G,False,394.5,6w51-filtered,,F,1579890.0
V6W,False,382.1,6w51-filtered,,F,1660202.0
V6R,False,1727.1,6w51-filtered,,F,1308579.0
V6H,False,1371.7,6w51-filtered,,F,1568083.5
V6K,False,502.9,6w51-filtered,,F,1357166.0
V6D,False,871.3,6w51-filtered,,F,1472987.0
V6E,False,388.5,6w51-filtered,,F,1531170.0
V6N,False,384.7,6w51-filtered,,F,1641245.0
V6Q,False,399.0,6w51-filtered,,F,1545786.0
V6S,False,2906.7,6w51-filtered,,F,1700170.0
V6T,False,4549.3,6w51-filtered,,F,1628823.0
V6Y,False,1477.14,6w51-filtered,,F,1573122.0
V6C,False,1024.7,6w51-filtered,,F,1288976.5
R7A,False,574.0,6w51-filtered,,F,1682703.5
R7I,False,595.7,6w51-filtered,,F,1795377.0
R7L,False,480.1,6w51-filtered,,F,1788249.0
R7M,False,530.9,6w51-filtered,,F,1739366.0
R7F,False,320.9,6w51-filtered,,F,1806898.0
R7V,False,372.5,6w51-filtered,,F,1593880.0
R7P,False,514.2,6w51-filtered,,F,1763353.5
R7G,False,656.7,6w51-filtered,,F,1730716.0
R7W,False,395.9,6w51-filtered,,F,1780291.0
R7R,True,10596.0,6w51-filtered,,F,1666759.0
R7H,False,397.1,6w51-filtered,,F,1765683.0
R7K,False,744.9,6w51-filtered,,F,1629662.0
R7D,False,259.3,6w51-filtered,,F,1745525.0
R7E,False,907.4,6w51-filtered,,F,1635101.0
R7N,False,413.2,6w51-filtered,,F,1669425.0
R7Q,False,731.8,6w51-filtered,,F,1787974.0
R7S,False,407.5,6w51-filtered,,F,1672008.0
R7T,False,383.0,6w51-filtered,,F,1727805.5
R7Y,False,407.26,6w51-filtered,,F,1701937.0
R7C,False,1245.4,6w51-filtered,,F,1506523.0
H8A,False,444.9,6w51-filtered,,F,1735462.0
H8I,False,404.4,6w51-filtered,,F,1454428.5
H8L,False,473.8,6w51-filtered,,F,1498920.0
H8M,False,1519.2,6w51-filtered,,F,1717211.0
H8F,False,310.8,6w51-filtered,,F,1734586.0
H8V,False,357.35,6w51-filtered,,F,1700682.0
H8P,False,355.5,6w51-filtered,,F,1779860.5
H8G,False,356.5,6w51-filtered,,F,1796893.5
H8W,False,310.8,6w51-filtered,,F,1722380.5
H8R,False,338.6,6w51-filtered,,F,1628702.0
H8H,True,10596.0,6w51-filtered,,F,1666759.0
H8K,False,1115.6,6w51-filtered,,F,1684570.0
H8D,False,318.2,6w51-filtered,,F,1729819.0
H8E,False,314.1,6w51-filtered,,F,1647037.0
H8N,False,400.2,6w51-filtered,,F,1742289.5
H8Q,False,337.2,6w51-filtered,,F,1639002.5
H8S,False,323.5,6w51-filtered,,F,1678789.0
H8T,False,908.2,6w51-filtered,,F,1727469.0
H8Y,False,482.57,6w51-filtered,,F,1697305.5
H8C,False,333.7,6w51-filtered,,F,1647299.0
C9A,False,6835.5,6w51-filtered,,F,1726495.0
C9I,False,8325.3,6w51-filtered,,F,1794306.0
C9L,False,3103.2,6w51-filtered,,F,1800492.0
C9M,False,2061.5,6w51-filtered,,F,1704173.0
C9F,False,1207.8,6w51-filtered,,F,1740132.0
C9V,False,10201.18,6w51-filtered,,F,1791447.0
C9P,False,1225.9,6w51-filtered,,F,1344987.0
C9G,False,2354.5,6w51-filtered,,F,1685557.0
C9W,False,1555.4,6w51-filtered,,F,1493992.0
C9R,False,2032.0,6w51-filtered,,F,1330179.0
C9H,False,4021.0,6w51-filtered,,F,1407895.0
C9K,False,1492.5,6w51-filtered,,F,1605012.0
C9D,False,1473.3,6w51-filtered,,F,1359416.0
C9E,False,1408.7,6w51-filtered,,F,1437652.0
C9N,False,1409.0,6w51-filtered,,F,1459507.0
C9Q,False,1318.9,6w51-filtered,,F,1577636.5
C9S,False,2275.0,6w51-filtered,,F,1707412.0
C9T,False,4926.1,6w51-filtered,,F,1739096.5
C9Y,False,4296.34,6w51-filtered,,F,1392335.5
C9C,True,10596.0,6w51-filtered,,F,1666759.0
